{
    "event": "2024 Round 1",
    "fastest_lap_driver": "VER",
    "fastest_lap_time": 92.608,
    "avg_lap_time_per_driver": {
        "ALB": 98.51121428571427,
        "ALO": 97.88822807017544,
        "BOT": 98.50374545454545,
        "GAS": 98.87783928571427,
        "HAM": 97.45729824561403,
        "HUL": 98.61382142857143,
        "LEC": 97.27036842105264,
        "MAG": 98.44746428571429,
        "NOR": 97.42456140350878,
        "OCO": 98.86057142857143,
        "PER": 96.96840350877193,
        "PIA": 97.55831578947368,
        "RIC": 98.45892857142857,
        "RUS": 97.39526315789473,
        "SAI": 97.01494736842105,
        "SAR": 99.32735185185184,
        "STR": 98.20978947368421,
        "TSU": 98.46828571428571,
        "VER": 96.57442105263158,
        "ZHO": 98.41966071428571
    }
}